Unnamed: 0.1,flow[m3/s],lift[m],rotate speed[r/min],NPSHC[m],shaft diameter[mm],impeller inter diameter[mm],impeller outlet diameter[mm],outlet width[mm],outlet angle[Â°],d0k0,d2k2d2,b2k2b2,overall efficiency[%]
0,0.0004,8,2800,2.3,0,26,81,3,,705.7485803,2198.678269,81.4325285,34
1,0.0007,15,2800,2.3,0,29,112,5,,805.4941752,3110.874056,138.8783061,34
2,0.0007,32,2900,2.3,0,40,157,4.5,,1430.245656,5613.7142,160.9026363,25
3,0.001,28,2900,2.3,0,38,150,4,,1153.903809,4554.883458,121.4635589,31
4,0.0011,20,2900,2.3,0,30,127,5,,788.8607683,3339.510586,131.4767947,36
5,0.0011,32,2900,2.3,0,38,157,4,,1168.699059,4828.572428,123.0209536,32
6,0.0014,20,2900,2.5,0,38,127,5,,922.0424512,3081.562929,121.3213752,44
7,0.0018,5,1450,2,0,50,130,5,,702.8605544,1827.437441,70.28605544,54
8,0.0018,8,1450,2,0,50,158,6.4,,822.0706914,2597.743385,105.2250485,48
9,0.0018,12.5,1450,2,0,48,198,4,,915.771394,3777.557,76.31428284,42
10,0.0018,20,1450,2,0,50,250,5,,1115.721583,5578.607917,111.5721583,32
11,0.0018,32,2900,2.3,0,40,157,6,,1043.964704,4097.561464,156.5947056,40
12,0.0018,5,1450,2.3,0,51,138,6,,716.9177655,1939.89513,84.34326653,
13,0.0018,8,1450,2.3,0,48,165,6,,789.1878638,2712.833282,98.64848297,
14,0.0018,12.5,1450,2.3,0,50,195,6,,953.9285355,3720.321288,114.4714243,
15,0.0018,20,1450,2.3,0,50,251,6.5,,1115.721583,5600.922349,145.0438059,
16,0.0018,5,1450,2.3,0,51,138,6,,716.9177655,1939.89513,84.34326653,
17,0.0018,8,1450,2.3,0,48,165,6,,789.1878638,2712.833282,98.64848297,
18,0.0018,12.5,1450,2.3,0,50,195,6,,953.9285355,3720.321288,114.4714243,
19,0.0018,20,1450,2.3,0,50,251,6.5,,1115.721583,5600.922349,145.0438059,
20,0.0028,13,1450,1,0,53,209,7,,884.1738032,3486.647639,116.7776721,
21,0.0031,20,1450,0.9,0,75,259,7,,1396.209849,4821.578013,130.3129193,
22,0.0032,49,2950,1.6,0,56,209,9,,1390.603744,5189.931829,223.4898874,
23,0.0035,80.78,2900,1.55,0,52,242,4,26,1480.523409,6890.128171,113.8864161,42.21
24,0.0035,50.34,2900,1.04,0,48,200,6,38,1167.319193,4863.829972,145.9148992,51.09
25,0.0035,31.25,2900,1.54,0,44,160,5.6,42,912.8091867,3319.306133,116.1757147,56.32
26,0.0035,20,2900,2,0,50,130,5,,893.9035351,2324.149191,89.39035351,60
27,0.0035,32,2900,2,0,50,158,6.4,,1045.515917,3303.830298,133.8260374,54
28,0.0035,50,2900,2,0,48,198,4,,1164.685202,4804.326456,97.05710013,48
29,0.0035,80,2900,2,0,50,250,5,,1418.983412,7094.91706,141.8983412,38
30,0.0035,12.5,1450,2,0,65,200,8,,993.5598034,3057.107087,122.2842835,55
31,0.0035,20,1450,2,0,65,254,4.5,,1162.074596,4541.029958,80.45131816,46
32,0.0035,32,1450,2.5,0,65,315,8,,1359.170692,6586.750278,167.2825467,35
33,0.0035,5,1450,2.5,0,65,131,10,,732.0611223,1475.384723,112.624788,64
34,0.0035,50,2900,2.3,0,40,195,5,,970.5710013,4731.533631,121.3213752,46
35,0.0035,20,2900,2.3,0,38,127,5,,679.3666867,2270.514979,89.39035351,58
36,0.0035,32,2900,2.3,0,51,157,7,,1066.426235,3282.91998,146.3722284,52
37,0.0035,80,2900,2.3,0,49,245,7,,1390.603744,6953.018719,198.6576777,38
38,0.0035,12.5,2900,2.3,0,55,110,15,,840.704449,1681.408898,229.2830315,62
39,0.0035,20,2900,2.3,0,56,135,8,,1001.171959,2413.539545,143.0245656,58
40,0.0035,32,2900,2.3,0,58,157,8.5,,1212.798464,3282.91998,177.7377059,52
41,0.0035,50,2900,2.3,0,59,196,9,,1431.592227,4755.797906,218.3784753,46
42,0.0035,50,2900,2.3,0,49,245,7,,1188.949477,5944.747383,169.8499252,46
43,0.0035,12.5,2900,2.3,0,55,110,15,,840.704449,1681.408898,229.2830315,62
44,0.0035,32,2900,2.3,0,48,165,6,,1003.69528,3450.202527,125.4619101,
45,0.0035,50,2900,2.3,0,50,195,6,,1213.213752,4731.533631,145.5856502,
46,0.0035,80,2900,2.3,0,50,251,6.5,,1418.983412,7123.296728,184.4678436,
47,0.0035,12.5,1450,2.3,0,65,198,8,,993.5598034,3026.536016,122.2842835,
48,0.0035,20,1450,2.3,0,65,249,6.5,,1162.074596,4451.639605,116.2074596,
49,0.0035,32,1450,2.3,0,65,315,8,,1359.170692,6586.750278,167.2825467,
50,0.0035,20,2900,2.3,0,51,138,6,,911.7816058,2467.173757,107.2684242,
51,0.0035,32,2900,2.3,0,48,165,6,,1003.69528,3450.202527,125.4619101,
52,0.0035,50,2900,2.3,0,50,195,6,,1213.213752,4731.533631,145.5856502,
53,0.0035,80,2900,2.3,0,50,251,6.5,,1418.983412,7123.296728,184.4678436,
54,0.0035,12.5,1450,2.3,0,65,198,8,,993.5598034,3026.536016,122.2842835,
55,0.0035,20,1450,2.3,0,65,249,6.5,,1162.074596,4451.639605,116.2074596,
56,0.0035,32,1450,2.3,0,65,315,8,,1359.170692,6586.750278,167.2825467,
57,0.0035,5,1450,2.3,0,65,132,10,,732.0611223,1486.647202,112.624788,
58,0.0035,8,1450,2.3,0,65,169,6.5,,856.2238828,2226.182095,85.62238828,
59,0.0042,8,1450,0.5,0,70,169,10,,867.7173319,2094.917559,123.9596188,
60,0.0044,13,1450,1.1,0,70,209,9,,1004.449866,2999.000315,129.1435542,
61,0.0056,30.8,2900,2.8,0,52,162,7,,917.8905672,2859.582152,123.5621917,63.5
62,0.0056,8,1450,2.5,0,76,168,14,,855.9483891,1892.096439,157.6747033,69
63,0.0056,36,2900,3.1,0,52,180,7,,966.885027,3346.909709,130.1575998,
64,0.0056,50,2900,27,0,53,209,7,,1099.520157,4335.843637,145.2196433,
65,0.0056,85,2900,2.1,0,75,259,7,,1856.970037,6412.736528,173.3172035,
66,0.0056,21,1450,2.5,0,84,259,9,,1305.037653,4023.866095,139.8254628,
67,0.0061,36,1450,1,0,40,324,10,,722.8544849,5855.121328,180.7136212,
68,0.0068,51.06,2900,3.5,0,50,209,4,,979.1005704,4092.640384,78.32804563,61.8
69,0.0069,30.13,2900,1.27,0,62,160,9.5,37,1013.386318,2615.190498,155.2769358,69.49
70,0.0069,20.14,2900,1.92,0,65,130,9.5,27,928.9310546,1857.862109,135.7668464,72.59
71,0.0069,80,2900,2.3,0,65,248,6,,1471.161402,5613.04658,135.799514,
72,0.0069,50,2900,2.3,0,65,198,8,,1257.825306,3831.529392,154.8092684,
73,0.0069,80,2900,2.3,0,65,249,6.5,,1471.161402,5635.679832,147.1161402,
74,0.0069,125,2900,2.3,0,65,315,8,,1707.131584,8273.022292,210.1085027,
75,0.0069,12.5,1450,2.3,0,80,204,9,,975.2372798,2486.855063,109.714194,
76,0.0069,80,2900,2.3,0,80,252,7.5,,1810.660187,5703.579589,169.7493925,
77,0.0069,32,1450,2.3,0,80,312,8,,1334.105833,5203.012747,133.4105833,
78,0.0069,8.4,1475,0.75,0,86,169,14,,918.2801215,1804.527216,149.4874616,
79,0.0069,50,2900,2.3,0,65,198,8,,1257.825306,3831.529392,154.8092684,
80,0.0069,80,2900,2.3,0,65,249,6.5,,1471.161402,5635.679832,147.1161402,
81,0.0069,125,2900,2.3,0,65,315,8,,1707.131584,8273.022292,210.1085027,
82,0.0069,20,2900,2.3,0,65,132,10,,926.7736091,1882.063329,142.5805552,
83,0.0069,32,2900,2.3,0,65,169,6.5,,1083.960989,2818.298571,108.3960989,
84,0.0069,12.5,1450,2.5,0,80,204,9,,975.2372798,2486.855063,109.714194,
85,0.0069,20,1450,2.5,0,80,252,7.5,,1140.644442,3593.029992,106.9354164,
86,0.0069,32,1450,2.5,0,80,312,8,,1334.105833,5203.012747,133.4105833,
87,0.0069,5,1450,2.5,0,80,140,13,,718.5609714,1257.4817,116.7661579,
88,0.0069,8,1450,2.5,0,85,174,10,,892.9611363,1827.943973,105.0542513,
89,0.007,50,2900,2,0,65,200,8,,1251.806911,3851.713571,154.0685428,60
90,0.007,80,2900,2,0,65,254,4.5,,1464.122245,5721.339233,101.3623092,50
91,0.007,125,2900,2.5,0,65,315,8,,1698.963365,8233.437848,209.1031834,40
92,0.007,20,2900,3,0,65,131,10,,922.3392178,1858.86827,141.8983412,69
93,0.007,8,1450,2.5,0,65,165,7,,679.5853461,1725.101263,73.1861142,60
94,0.007,12.5,1450,2.5,0,75,204,10,,909.9103137,2474.956053,121.3213752,65
95,0.007,125,1450,,0,75,254,10,,1960.342345,6639.026074,261.3789793,60
96,0.007,32,1450,2.5,0,80,315,7.5,,1327.722453,5227.90716,124.47398,52
97,0.007,5,1450,2.5,0,76,138,14,,679.3666867,1233.586878,125.1464949,71
98,0.007,8,1450,2.5,0,76,168,14,,794.592097,1756.466741,146.3722284,69
99,0.0078,33,2950,3,0,72,169,10,,1164.498523,2733.336812,161.735906,
100,0.0081,53,2950,2.2,0,78,209,9,,1458.897857,3909.098103,168.3343681,
101,0.0083,34,2900,1.5,0,70,169,10,,1120.035139,2704.084837,160.0050199,
102,0.0083,8,1450,1.6,0,80,169,15,,790.242929,1669.388188,148.1705492,
103,0.0086,13,2950,0.75,0,90,209,13,,1032.898095,2398.61891,149.1963915,
104,0.0089,78,2950,2.2,0,81,259,10,,1670.013124,5339.918509,206.1744598,
105,0.009,30,2900,2.3,0,52,157,10,,776.7768227,2345.268484,149.3801582,76.42
106,0.0094,50,2900,2.4,0,70,209,9,,1221.927457,3648.326264,157.1049587,
107,0.0094,14,1450,1.5,0,80,209,13,,913.6013115,2386.783426,148.4602131,
108,0.0094,21,1450,1.1,0,94,259,11,,1228.829609,3385.817753,143.7992096,
109,0.0097,20,1475,0.7,0,93,259,12,,1183.683796,3296.495733,152.733393,
110,0.01,85,2900,6,0,84,259,9,,1714.295143,5285.743357,183.6744796,
111,0.0103,46.08,2900,6,0,54,194,7,,889.7858774,3196.638152,115.3426137,73.53
112,0.0117,36,1450,1.8,0,100,324,12,,1454.472607,4712.491247,174.5367128,
113,0.0117,115,2950,1.25,0,87,324,9,,1863.616637,6940.365406,192.787928,
114,0.012,18.45,2890,2.6,0,73,132,12,,842.5478375,1523.511158,138.5010144,85
115,0.0122,28,1475,0.5,0,102,324,11,,1345.445897,4273.76932,145.0971065,
116,0.0127,46.41,2900,0.5,0,56,200,10,,862.5626382,3080.580851,154.0290425,75.81
117,0.0127,29.3,2900,2,0,76,164,10.4,,1004.233933,2167.031119,137.4214856,82.9
118,0.0128,33.31,2900,2,0,71,168,10,,976.5921666,2310.809634,137.5481925,79.3
119,0.0128,140,2900,4,0,40,324,10,,887.9040017,7192.022414,221.9760004,
120,0.0131,8,1475,1.4,0,100,169,21,,848.4108823,1433.814391,178.1662853,
121,0.0139,80.96,2900,1.88,0,80,252,6.5,39,1439.379192,4534.044454,116.9495593,68.96
122,0.0139,32.94,2900,2.39,23,76,168,13,29,1058.63312,2239.815332,173.3190436,75.49
123,0.0139,20.54,2900,2.59,0,76,137,14,30,865.6496118,1560.447327,159.4617706,79.05
124,0.0139,32,2900,2.5,0,65,165,7,,858.2722731,2178.691155,92.42932172,65
125,0.0139,50,2900,2.5,0,75,204,10,,1149.157788,3125.709184,153.2210384,69
126,0.0139,80,2900,2.5,0,75,254,10,,1344.063103,4551.893708,179.2084137,63
127,0.0139,125,2900,2.5,0,80,315,7.5,,1663.623544,6550.517704,155.9647072,54
128,0.0139,20,2900,3,0,76,138,14,,857.9961204,1557.940324,158.0519169,75
129,0.0139,32,2900,2.5,0,76,168,14,,1003.51835,2218.303721,184.8586434,73
130,0.0139,30,2900,2.5,0,76,168,14,,982.160379,2171.091364,180.9242803,36
131,0.0139,12.5,1450,2,0,90,203,16,,868.7088522,1959.421078,154.4371293,73
132,0.0139,32,1450,2,0,100,315.5,12.5,,1320.418882,4165.921572,165.0523602,63
133,0.0139,8,1450,2.5,0,90,110,18,,748.6305947,914.9929491,149.7261189,75
134,0.0139,20,2900,2.3,0,76,137,19,,857.9961204,1546.650901,214.4990301,
135,0.0139,32,2900,2.3,0,70,167,12,,924.2932172,2205.099532,158.4502658,
136,0.0139,50,2900,2.3,0,70,195,10,,1072.547269,2987.810249,153.2210384,
137,0.0139,80,2900,2.3,0,80,255,9,,1433.66731,4569.814549,161.2875723,
138,0.0139,80,2900,2.3,0,80,255,9,,1433.66731,4569.814549,161.2875723,
139,0.0139,8,1450,1.5,0,110,169,21,,914.9929491,1405.761894,174.6804721,
140,0.0139,13,1450,1,0,110,209,17,,1075.72733,2043.881927,166.2487692,
141,0.0139,50,2900,2.3,0,80,204,9,,1225.768307,3125.709184,137.8989346,
142,0.0139,80,2900,2.3,0,80,252,7.5,,1433.66731,4516.052025,134.4063103,
143,0.0139,125,2900,2.3,0,80,312,8,,1663.623544,6488.131821,166.3623544,
144,0.0139,12.5,1450,1.5,0,98,215,14,,945.9274168,2075.248925,135.1324881,
145,0.0139,20,1450,1.5,0,100,263,11,,1128.942264,2969.118153,124.183649,
146,0.0139,32,1450,1.5,0,100,310,12,,1320.418882,4093.298533,158.4502658,
147,0.0139,5,1450,1.5,0,89,139,26,,632.9582643,988.5527948,184.9091559,
148,0.0139,8,1450,1.5,0,100,178,17,,831.8117719,1480.624954,141.4080012,
149,0.0139,34,2950,2.4,0,86,169,14,,1158.74131,2277.061412,188.6323063,
150,0.0139,50,2900,2.4,0,80,204,9,,1225.768307,3125.709184,137.8989346,
151,0.0139,80,2900,2.4,0,80,252,7.5,,1433.66731,4516.052025,134.4063103,
152,0.0139,125,2900,2.4,0,80,312,8,,1663.623544,6488.131821,166.3623544,
153,0.0139,20,2900,2.4,0,80,140,13,,903.1538109,1580.519169,146.7624943,
154,0.0139,32,2900,2.4,0,85,174,10,,1122.356049,2297.528854,132.0418882,
155,0.0139,12.5,1450,0.8,0,98,215,14,,945.9274168,2075.248925,135.1324881,
156,0.0139,20,1450,0.8,0,100,263,11,,1128.942264,2969.118153,124.183649,
157,0.0139,32,1450,0.8,0,100,310,12,,1320.418882,4093.298533,158.4502658,
158,0.0139,5,1450,0.8,0,89,139,26,,632.9582643,988.5527948,184.9091559,
159,0.0139,8,1450,0.8,0,100,178,17,,831.8117719,1480.624954,141.4080012,
160,0.0142,13.5,1450,0.8,0,105,209,18,,1032.454941,2055.076978,176.9922756,
161,0.015,21,1450,0.9,0,110,259,15,,1230.557836,2897.40436,167.8033413,
162,0.0153,34,2900,2.9,0,80,169,15,,1043.964704,2205.375438,195.7433821,
163,0.0167,52,1450,2.8,0,140,409,15,,2044.358203,5972.446464,219.0383789,
164,0.0172,52,2950,2.6,0,90,209,13,,1301.370052,3022.070455,187.9756742,
165,0.0178,32,1450,1.3,0,110,324,13,,1337.527368,3939.626066,158.0714162,
166,0.0178,20,1450,1.3,0,55,259,16,,571.7849068,2692.587107,166.3374274,
167,0.018,56,2900,4,0,80,209,13,,1167.871771,3051.065001,189.7791627,
168,0.018,85,2900,3,0,94,259,11,,1577.042245,4345.254696,184.5474968,
169,0.0194,82,2950,2.4,0,93,259,12,,1503.673881,4187.650916,194.0224363,
170,0.0194,33,1475,1,0,117,324,14,,1396.657545,3867.667047,167.1214156,
171,0.0208,8,1450,2.2,0,120,169,32.6,,872.6835642,1229.029353,237.079035,
172,0.0222,140,2900,5,0,100,324,12,,1847.530799,5985.99979,221.7036959,
173,0.0222,12,1450,1.9,0,120,209,24,,977.5162894,1702.507537,195.5032579,
174,0.0225,7.2,1475,1.4,0,116,169,29,,793.4288393,1155.94374,198.3572098,
175,0.0236,46,1475,0.8,0,123,409,14.5,,1536.45692,5109.031546,181.1270352,
176,0.0242,115,2950,2.2,0,102,324,11,,1714.856023,5447.189721,184.9354535,
177,0.025,20,1450,1.3,0,115,259,18,,1067.565432,2404.343016,167.097198,
178,0.026,28,2900,2.3,0,86,155,24,,881.5088545,1588.765959,246.002471,
179,0.0261,32,2950,3,0,100,169,21,,1070.294163,1808.797136,224.7617743,
180,0.0264,12.5,1475,1,0,125,209,27,,974.2686059,1628.977109,210.4420189,
181,0.0278,56.5,2900,3.28,0,90,210,16,26,1140.014548,2660.033945,202.6692529,81.25
182,0.0278,33.98,2900,3.37,0,90,173,20,29,962.2812765,1849.718454,213.8402837,81.51
183,0.0278,18.78,2900,3.82,0,89,140,27,23.5,780.9207043,1228.414591,236.9085283,82.47
184,0.0278,50,2900,3.6,0,90,203,16,,1094.504569,2468.715861,194.5785901,76
185,0.0278,125,2900,3.6,0,100,315.5,12.5,,1650.523602,5207.401965,206.3154503,66
186,0.0278,32,2900,2.5,0,90,110,18,,943.2154448,1152.818877,188.643089,78
187,0.0278,12.5,1450,2.5,0,125,216,26.5,,957.6314902,1654.787215,203.0178759,76
188,0.0278,20,1450,4.5,0,125,255,21,,1120.052586,2284.907275,188.1688344,76
189,0.0278,20,1450,2.5,0,125,317,14,,1120.052586,2840.453357,125.4458896,76
190,0.0278,50,1450,2.5,0,125,395,15,,1520.145235,4803.658942,182.4174282,65
191,0.0278,12.5,2900,2.3,0,100,130,30,,766.1051921,995.9367498,229.8315576,
192,0.0278,20,2900,2.3,0,82,142,24,,734.7544961,1272.379737,215.0500964,
193,0.0278,32,2900,2.3,0,86,170,26,,901.2947584,1781.629174,272.4844618,
194,0.0278,32,2900,2.3,0,90,215,12,,943.2154448,2253.236896,125.7620593,
195,0.0278,80,2900,2.3,0,120,250,13,,1706.853746,3555.945305,184.9091559,
196,0.0278,12.5,2900,2.3,0,100,130,30,,766.1051921,995.9367498,229.8315576,
197,0.0278,20,2900,2.3,0,82,142,24,,734.7544961,1272.379737,215.0500964,
198,0.0278,32,2900,2.3,0,86,170,26,,901.2947584,1781.629174,272.4844618,
199,0.0278,40,2900,2.3,0,100,186,23,,1128.942264,2099.83261,259.6567206,
200,0.0278,80,2900,2.3,0,94,250,13,,1337.035435,3555.945305,184.9091559,
201,0.0278,32,2900,3,0,110,169,21,,1152.818877,1771.149002,220.0836038,
202,0.0278,54,2900,3.2,0,110,209,17,,1372.489424,2607.729905,212.1120018,
203,0.0278,32,1450,1.3,0,125,324,16,,1310.021451,3395.575601,167.6827457,
204,0.0278,50,2900,2.3,0,98,215,14,,1191.793864,2614.649804,170.2562663,
205,0.0278,80,2900,2.3,0,100,263,11,,1422.378122,3740.854461,156.4615934,
206,0.0278,125,2900,2.3,0,100,310,12,,1650.523602,5116.623167,198.0628323,
207,0.0278,20,2900,2.3,0,89,139,26,,797.4774409,1245.498475,232.9709378,
208,0.0278,32,2900,2.3,0,100,178,17,,1048.017161,1865.470546,178.1629174,
209,0.0278,12.5,1450,1.4,0,125,223,20,,957.6314902,1708.414578,153.2210384,
210,0.0278,20,1450,1.4,0,126,250,17,,1129.013006,2240.105171,152.3271516,
211,0.0278,32,1450,1.4,0,125,328,13,,1310.021451,3437.496288,136.2422309,
212,0.0278,50,1450,1.4,0,125,395,15,,1520.145235,4803.658942,182.4174282,
213,0.0278,50,2900,3,0,98,215,14,,1191.793864,2614.649804,170.2562663,
214,0.0278,80,2900,3,0,100,263,11,,1422.378122,3740.854461,156.4615934,
215,0.0278,125,2900,3,0,100,310,12,,1650.523602,5116.623167,198.0628323,
216,0.0278,20,2900,3,0,89,139,26,,797.4774409,1245.498475,232.9709378,
217,0.0278,32,2900,3,0,100,178,17,,1048.017161,1865.470546,178.1629174,
218,0.0278,12.5,1450,1.3,0,125,223,20,,957.6314902,1708.414578,153.2210384,
219,0.0278,20,1450,1.3,0,126,240,17,,1129.013006,2150.500964,152.3271516,
220,0.0278,32,1450,1.3,0,125,328,13,,1310.021451,3437.496288,136.2422309,
221,0.0278,50,1450,1.3,0,125,395,15,,1520.145235,4803.658942,182.4174282,
222,0.0286,54,2950,3.2,0,105,209,18,,1297.772423,2583.185108,222.4752725,
223,0.0292,52,1450,1.2,0,125,409,12,,1515.130976,4957.508552,145.4525737,
224,0.03,15.91,1500,2.24,0,116,232,21.5,,938.9467525,1877.893505,174.028924,80.4
225,0.0305,9,1450,1.5,0,52,180,7,,346.1924299,1198.358411,46.6028271,
226,0.0319,85,2900,3.4,0,110,259,15,,1524.996216,3590.672908,207.9540294,
227,0.0319,11,1450,1.2,0,129,209,32,,904.6009601,1465.593804,224.3971374,
228,0.032,20,1475,1,0,132,259,24,,1128.584125,2214.418851,205.1971136,
229,0.0333,23,1450,1,0,155,259,33,,1370.123028,2289.431382,291.7036124,
230,0.0333,35.6,1450,1,0,160,324,25,,1636.019858,3312.940212,255.6281028,
231,0.0333,55.8,1450,1,0,160,409,20,,1900.421658,4857.952863,237.5527072,
232,0.0347,31,1475,1,0,140,324,20,,1348.358701,3120.48728,192.6226716,
233,0.0353,82,2950,4,0,55,259,16,,728.4097301,3430.147638,211.9010124,
234,0.0361,20,1450,1.2,0,137,259,23,,1125.195962,2127.195286,188.9015119,
235,0.0367,32,1450,1.5,0,137,324,20,,1308.825874,3095.325424,191.0694706,
236,0.0375,135,2900,3.5,0,110,324,13,,1685.880751,4965.685122,199.2404524,
237,0.0389,45,2900,2.3,0,100,200,23,,1049.75424,2099.50848,241.4434752,
238,0.0392,127,2950,4,0,117,324,14,,1731.244525,4794.215609,207.1574646,
239,0.04,4.9,1450,6,0,144,172,35,,715.1676396,854.228014,173.825468,78.3
240,0.0417,50,2900,3.8,0,120,209,24,,1274.850414,2220.36447,254.9700827,
241,0.0417,48,1475,1.4,0,150,409,17,,1572.025741,4286.390188,178.1629174,
242,0.0444,50,2900,2.3,0,100,215,23,,1040.388823,2236.83597,239.2894294,
243,0.045,29,2950,5,0,116,169,29,,1001.966383,1459.761368,250.4915957,
244,0.0452,12.45,1450,2.55,0,132,222,30,,858.8504946,1444.430377,195.1932942,87.2
245,0.0472,32.5,1450,4.1,0,152,328,18,,1342.221039,2896.371716,158.9472283,76.5
246,0.0472,30,2900,4.2,0,120,169,32.6,,1031.749653,1453.047428,280.291989,
247,0.0475,187,2950,3.5,0,123,409,14.5,,1942.172395,6458.117965,228.9552824,
248,0.05,75,1475,1.5,0,154,514,17.5,,1762.859934,5883.831207,200.3249924,
249,0.052,20.31,1450,1.9,0,132,268,25,,964.8862653,1959.011508,182.7436108,90.06
250,0.052,44,1450,2.3,0,140,370,20,,1324.172243,3499.59807,189.1674632,
251,0.0528,80,2900,5,0,115,259,18,,1320.838933,2974.758989,206.740007,
252,0.0536,50,2950,3.5,0,125,209,27,,1221.363915,2042.120465,263.8146056,
253,0.0542,18.5,1475,1.7,0,160,259,34,,1118.177622,1810.050026,237.6127447,
254,0.0556,52.35,1450,2.43,19,150,399.5,21.5,29,1481.931888,3915.591843,210.7264697,77.97
255,0.0556,50,2900,4.5,0,125,216,26.5,,1206.540072,2084.901245,255.7864954,81
256,0.0556,80,2900,4.2,0,125,255,21,,1411.17783,2878.802772,237.0778754,78
257,0.0556,80,2900,4.2,0,125,317,14,,1411.17783,3578.746976,158.0519169,78
258,0.0556,20,1450,3,0,150,260,33,,1066.783592,1849.091559,234.6923901,81
259,0.0556,32,1450,2.5,0,155,325,22,,1289.308246,2703.388259,182.9985898,79
260,0.0556,50,1450,2.8,0,150,399.5,21.5,,1447.848087,3856.102072,207.5248925,75
261,0.0556,32,1450,2.3,0,141,325,23,,1172.854598,2703.388259,191.3167075,
262,0.0556,50,1450,2.3,0,140,390,23,,1351.324881,3764.405026,222.0033733,
263,0.0556,20,1450,2.3,0,125,260,42,,888.9863263,1849.091559,298.6994056,
264,0.0556,130,2900,5.5,0,125,324,16,,1659.075691,4300.32419,212.3616884,
265,0.0556,50,2900,5.5,0,125,223,20,,1206.540072,2152.467489,193.0464116,
266,0.0556,80,2900,5.5,0,126,250,17,,1422.467252,2822.355659,191.9201848,
267,0.0556,125,2900,5.5,0,125,328,13,,1637.526814,4296.87036,170.3027887,
268,0.0556,20,1450,2.3,0,158,280,25.6,,1123.678716,1991.329371,182.0643996,
269,0.0556,32,1450,2.3,0,150,328,23,,1247.717658,2728.342612,191.3167075,
270,0.0556,50,1450,2.3,0,160,420,16,,1544.371293,4053.974644,154.4371293,
271,0.0556,50,2900,4,0,125,223,20,,1206.540072,2152.467489,193.0464116,
272,0.0556,80,2900,4,0,126,250,17,,1422.467252,2822.355659,191.9201848,
273,0.0556,125,2900,4,0,125,328,13,,1637.526814,4296.87036,170.3027887,
274,0.0556,20,1450,2.3,0,158,280,25.6,,1123.678716,1991.329371,182.0643996,
275,0.0556,32,1450,2.3,0,150,328,23,,1247.717658,2728.342612,191.3167075,
276,0.0556,50,1450,2.3,0,160,380,16,,1544.371293,3667.88182,154.4371293,
277,0.061,48.3,2900,4.2,0,114,205,24,,1054.655487,1896.529604,222.0327342,85
278,0.0611,45,2900,4,0,129,209,32,,1164.966611,1887.426524,288.9839654,
279,0.0611,61.5,1475,1.7,0,165,324,30,,1653.592826,3247.055003,300.653241,
280,0.0639,79,2950,4,0,132,259,24,,1416.715598,2779.767727,257.5846542,
281,0.0667,23,1450,2.3,0,180,259,49,,1262.233898,1816.214331,343.6081166,
282,0.0667,35.6,1450,2.3,0,190,324,41,,1541.209423,2628.167648,332.5767702,
283,0.0667,55.8,1450,2.3,0,200,409,32,,1884.514358,3853.831862,301.5222973,
284,0.0694,126,2950,3.6,0,140,324,20,,1707.910311,3952.592435,243.9871873,
285,0.0722,51,1475,1.8,0,174,409,24,,1549.626048,3642.511801,213.7415238,
286,0.075,135,2900,5.5,0,137,324,20,,1666.523347,3941.266893,243.2880798,
287,0.0778,29.1,1450,4.4,0,160,315,30,,1152.810119,2269.594922,216.1518973,82.5
288,0.0778,75,2900,4.9,0,137,259,23,,1353.363489,2558.548494,227.2070091,
289,0.0792,14.32,1450,2.3,0,157,246,39,,887.7804924,1391.044593,220.5314599,88
290,0.08,60,1450,2.3,0,189,460,20,,1717.17896,4179.377364,181.7120593,
291,0.0833,194,2950,5.5,0,150,409,17,,1988.276755,5421.367952,225.3380323,
292,0.0833,77,1475,2,0,180,514,21,,1753.427229,5007.008864,204.56651,
293,0.0847,17.5,1475,2.2,0,175,259,44,,1034.561378,1531.15084,260.1182894,
294,0.0881,19.8,1450,2.2,0,160,265,30,,972.78398,1611.173467,182.3969962,89.5
295,0.0889,44,2950,6,0,144,209,36,,1139.058766,1653.217237,284.7646915,
296,0.0931,104,1475,2.4,0,186,578,22,,1929.92677,5997.299318,228.2709083,
297,0.0944,50,1450,2.4,0,200,509,28,,1618.189327,4118.291837,226.5465058,
298,0.0972,30,1475,2,0,188,324,40,,1270.504417,2189.592718,270.3200887,
299,0.1,115,1475,8,0,193,648,27,,2022.040838,6789.028305,282.8761794,
300,0.1083,74,2950,5.1,0,160,259,34,,1409.249006,2281.221828,299.4654137,
301,0.1111,19.26,1450,3.75,36,176,268,56,27,1001.675416,1494.338097,312.2497516,84.54
302,0.1111,12.81,1450,3.8,0,188,244.5,58.5,,915.0318398,1190.028111,284.7306523,86.81
303,0.1111,20,1450,3.8,0,175,275,47,,988.1207688,1552.761208,265.3810065,82
304,0.1111,32,1450,3.5,0,190,348,31,,1254.774182,2298.217975,204.7263139,82
305,0.1111,50,1450,3.8,0,175,395,26,,1341.086211,3027.023162,199.2470942,81
306,0.1111,20,1450,3.8,0,178,258,38,,1005.059982,1456.772333,214.5633669,
307,0.1111,32,1450,3.8,0,178,328,38,,1175.525286,2166.136482,250.9548364,
308,0.1111,50,1450,3.8,0,200,407,29.5,,1532.669955,3118.983359,226.0688184,
309,0.1111,20,1450,3.8,0,178,258,38,,1005.059982,1456.772333,214.5633669,
310,0.1111,32,1450,3.8,0,178,328,38,,1175.525286,2166.136482,250.9548364,
311,0.1111,50,1405,3.8,0,200,407,29.5,,1532.669955,3118.983359,226.0688184,
312,0.1183,50,1475,3.2,0,200,409,34,,1500.92301,3069.387555,255.1569117,
313,0.1228,125,2950,6,0,165,324,30,,1659.795157,3259.234126,301.7809376,
314,0.125,24,1450,2.3,0,213.5,355,42,,1231.681133,2047.99439,242.2979278,
315,0.125,40,1450,2.3,0,250,509,37,,1709.975947,3481.511027,253.0764401,
316,0.1375,84,1475,2.8,0,210,514,30,,1781.878786,4361.360457,254.5541123,
317,0.1389,28,1450,2.3,0,213.5,355,42,,1251.842835,2081.518531,246.2641642,
318,0.1389,10,1450,2.3,0,207,259,67.4,,861.1317398,1077.454689,280.3878225,
319,0.1389,13,1450,2.3,0,212,324,50,,962.5343337,1471.043038,227.0128146,
320,0.1389,40,1450,2.3,0,235,409,47,,1551.864425,2700.904467,310.372885,
321,0.15,105,1475,3,0,215,578,29,,1908.993604,5132.08513,257.4921605,
322,0.1514,27,1475,2.7,0,215,324,53,,1210.183116,1823.717812,298.32421,
323,0.1528,32,1450,2.3,0,213.5,355,42,,1267.86619,2108.161581,249.4162997,
324,0.1611,132,1475,3.2,0,220,648,29,,2058.648236,6063.654803,271.3672674,
325,0.1694,72,2950,9,0,175,259,44,,1315.76323,1947.32958,330.8204692,
326,0.1833,27,1475,2.7,0,228,409,48,,1204.116793,2160.016529,253.4982723,
327,0.2222,16,1450,2.7,0,235,324,73,,977.671987,1347.93925,303.7023619,
328,0.2222,24,1450,2.7,0,270,409,63,,1285.837715,1947.80602,300.0288001,
329,0.2222,82,1475,5,0,240,514,40,,1721.4768,3686.829481,286.9128001,
330,0.2361,45,1450,5,0,270,509,50,,1553.826795,2929.251254,287.7457028,
331,0.2375,128,1475,4.6,0,255,648,37,,2075.179327,5273.396878,301.1044514,
332,0.2389,106,1475,4.1,0,248,578,40,,1891.537342,4408.502353,305.086668,
333,0.2917,48,1475,6,0,262,409,64,,1435.719373,2241.256579,350.7100759,
334,0.3056,40,1450,2,0,330,509,77,,1675.519502,2584.361898,390.9545504,
335,0.3444,78,1475,4.7,0,280,514,56,,1706.744523,3133.095304,341.3489047,
336,0.3611,20,1450,1.2,0,305,409,85,,1162.609878,1559.040787,324.0060315,
337,0.3722,104,1475,5.2,0,287,578,52,,1876.293988,3778.738414,339.9557051,
338,0.4028,132,1475,5.5,0,297,648,48,,2047.629003,4467.554189,330.9299399,
339,0.5194,74,1475,6,0,320,514,75,,1671.321127,2684.559561,391.7158892,
340,0.5667,98,1475,7.6,0,330,578,70,,1838.533556,3220.219381,389.9919665,
